{"type":"FeatureCollection","features":[{"type":"Feature","properties":{"name":"Barren Island","location":"Andaman Islands (India)","elevation":354},"geometry":{"type":"Point","coordinates":[93.858,12.278]}},{"type":"Feature","properties":{"name":"Calbuco","location":"Chile","elevation":2003},"geometry":{"type":"Point","coordinates":[-72.614,-41.326]}},{"type":"Feature","properties":{"name":"Kilauea","location":"Hawaiian Islands (USA)","elevation":1222},"geometry":{"type":"Point","coordinates":[-155.287,19.421]}},{"type":"Feature","properties":{"name":"Sinabung","location":"Indonesia","elevation":2460},"geometry":{"type":"Point","coordinates":[98.392,3.17]}},{"type":"Feature","properties":{"name":"Tungurahua","location":"Ecuador","elevation":5023},"geometry":{"type":"Point","coordinates":[-78.442,-1.467]}},{"type":"Feature","properties":{"name":"Aira","location":"Kyushu (Japan)","elevation":1117},"geometry":{"type":"Point","coordinates":[130.657,31.593]}},{"type":"Feature","properties":{"name":"Asosan","location":"Kyushu (Japan)","elevation":1592},"geometry":{"type":"Point","coordinates":[131.104,32.884]}},{"type":"Feature","properties":{"name":"Bardarbunga","location":"Iceland","elevation":2009},"geometry":{"type":"Point","coordinates":[-17.53,64.63]}},{"type":"Feature","properties":{"name":"Chikurachki","location":"Paramushir Island (Russia)","elevation":1781},"geometry":{"type":"Point","coordinates":[155.461,50.324]}},{"type":"Feature","properties":{"name":"Chirpoi","location":"Kuril Islands (Russia)","elevation":742},"geometry":{"type":"Point","coordinates":[150.875,46.525]}},{"type":"Feature","properties":{"name":"Colima","location":"Mexico","elevation":3850},"geometry":{"type":"Point","coordinates":[-103.62,19.514]}},{"type":"Feature","properties":{"name":"Dukono","location":"Halmahera (Indonesia)","elevation":1335},"geometry":{"type":"Point","coordinates":[127.88,1.68]}},{"type":"Feature","properties":{"name":"Gamalama","location":"Halmahera (Indonesia)","elevation":1715},"geometry":{"type":"Point","coordinates":[127.33,0.8]}},{"type":"Feature","properties":{"name":"Karangetang [Api Siau]","location":"Siau Island (Indonesia)","elevation":1784},"geometry":{"type":"Point","coordinates":[125.4,2.78]}},{"type":"Feature","properties":{"name":"Karymsky","location":"Eastern Kamchatka (Russia)","elevation":1513},"geometry":{"type":"Point","coordinates":[159.443,54.049]}},{"type":"Feature","properties":{"name":"Klyuchevskoy","location":"Central Kamchatka (Russia)","elevation":4754},"geometry":{"type":"Point","coordinates":[160.642,56.056]}},{"type":"Feature","properties":{"name":"Krakatau","location":"Indonesia","elevation":813},"geometry":{"type":"Point","coordinates":[105.423,-6.102]}},{"type":"Feature","properties":{"name":"Manam","location":"Papua New Guinea","elevation":1807},"geometry":{"type":"Point","coordinates":[145.037,-4.08]}},{"type":"Feature","properties":{"name":"Nevado del Ruiz","location":"Colombia","elevation":5279},"geometry":{"type":"Point","coordinates":[-75.324,4.892]}},{"type":"Feature","properties":{"name":"Papandayan","location":"Western Java (Indonesia)","elevation":2665},"geometry":{"type":"Point","coordinates":[107.73,-7.32]}},{"type":"Feature","properties":{"name":"Popocatepetl","location":"Mexico","elevation":5426},"geometry":{"type":"Point","coordinates":[-98.622,19.023]}},{"type":"Feature","properties":{"name":"Santa Maria","location":"Guatemala","elevation":3772},"geometry":{"type":"Point","coordinates":[-91.552,14.756]}},{"type":"Feature","properties":{"name":"Semeru","location":"Eastern Java (Indonesia)","elevation":3676},"geometry":{"type":"Point","coordinates":[112.92,-8.108]}},{"type":"Feature","properties":{"name":"Sheveluch","location":"Central Kamchatka (Russia)","elevation":3283},"geometry":{"type":"Point","coordinates":[161.36,56.653]}},{"type":"Feature","properties":{"name":"Shishaldin","location":"Fox Islands (USA)","elevation":2857},"geometry":{"type":"Point","coordinates":[-163.97,54.756]}},{"type":"Feature","properties":{"name":"Suwanosejima","location":"Ryukyu Islands (Japan)","elevation":796},"geometry":{"type":"Point","coordinates":[129.714,29.638]}},{"type":"Feature","properties":{"name":"Tengger Caldera","location":"Eastern Java (Indonesia)","elevation":2329},"geometry":{"type":"Point","coordinates":[112.95,-7.942]}},{"type":"Feature","properties":{"name":"Turrialba","location":"Costa Rica","elevation":3340},"geometry":{"type":"Point","coordinates":[-83.767,10.025]}},{"type":"Feature","properties":{"name":"Villarrica","location":"Chile","elevation":2847},"geometry":{"type":"Point","coordinates":[-71.93,-39.42]}},{"type":"Feature","properties":{"name":"Yasur","location":"Vanuatu","elevation":361},"geometry":{"type":"Point","coordinates":[169.442,-19.53]}},{"type":"Feature","properties":{"name":"Zhupanovsky","location":"Eastern Kamchatka (Russia)","elevation":2899},"geometry":{"type":"Point","coordinates":[159.15,53.589]}}]}